{
  "notes": [
    {
      "id": 1,
      "title": "Read Angular5 blog",
      "text": "Shall do at 6 pm",
      "state": "completed"
    },
    {
      "id": 2,
      "title": "Call Ravi",
      "text": "Track the new submissions",
      "state": "started"
    },
    {
      "title": "Capitalism updated",
      "text": "Mark Twain updated",
      "id": 3,
      "state": "completed"
    },
    {
      "id": 4,
      "title": "note 3",
      "text": "note 3 test",
      "state": "not-started"
    },
    {
      "title": "note 5 ",
      "text": "note 5 test 4",
      "id": 5,
      "state": "started"
    },
    {
      "title": "note 4",
      "text": "note 4 test updated",
      "state": "not-started",
      "id": 6
    },
    {
      "title": "note new",
      "text": "NOTE NEW TEST",
      "state": "not-started",
      "id": 7
    },
    {
      "title": "note new 2",
      "text": "note new text 2",
      "state": "not-started",
      "id": 8
    },
    {
      "title": "note new 3",
      "text": "note new 3 test",
      "state": "not-started",
      "id": 9
    },
    {
      "title": "note 6",
      "text": "note 6 test 6",
      "state": "not-started",
      "id": 10
    },
    {
      "title": "note 7",
      "text": "note 7 test",
      "state": "completed",
      "id": 11
    },
    {
      "title": "note new 10",
      "text": "nwdfsdergg",
      "state": "not-started",
      "id": 12
    },
    {
      "title": "",
      "text": "",
      "state": "not-started",
      "id": 13
    }
  ]
}