[
    {
        "Id": "940b941e7ca9d4fcd0a572ea702d44fcb56fd7c50b8ab9821b5839344ad741c2",
        "Created": "2019-04-19T15:04:43.7607498Z",
        "Path": "/opt/mssql/bin/sqlservr",
        "Args": [],
        "State": {
            "Status": "running",
            "Running": true,
            "Paused": false,
            "Restarting": false,
            "OOMKilled": false,
            "Dead": false,
            "Pid": 4388,
            "ExitCode": 0,
            "Error": "",
            "StartedAt": "2019-04-19T15:04:45.5391635Z",
            "FinishedAt": "0001-01-01T00:00:00Z"
        },
        "Image": "sha256:644ca19cb10df461d8ed47ecafd1bd627dc856f8e053840e6c84572d112a3838",
        "ResolvConfPath": "/var/lib/docker/containers/940b941e7ca9d4fcd0a572ea702d44fcb56fd7c50b8ab9821b5839344ad741c2/resolv.conf",
        "HostnamePath": "/var/lib/docker/containers/940b941e7ca9d4fcd0a572ea702d44fcb56fd7c50b8ab9821b5839344ad741c2/hostname",
        "HostsPath": "/var/lib/docker/containers/940b941e7ca9d4fcd0a572ea702d44fcb56fd7c50b8ab9821b5839344ad741c2/hosts",
        "LogPath": "/var/lib/docker/containers/940b941e7ca9d4fcd0a572ea702d44fcb56fd7c50b8ab9821b5839344ad741c2/940b941e7ca9d4fcd0a572ea702d44fcb56fd7c50b8ab9821b5839344ad741c2-json.log",
        "Name": "/sql1",
        "RestartCount": 0,
        "Driver": "overlay2",
        "Platform": "linux",
        "MountLabel": "",
        "ProcessLabel": "",
        "AppArmorProfile": "",
        "ExecIDs": null,
        "HostConfig": {
            "Binds": null,
            "ContainerIDFile": "",
            "LogConfig": {
                "Type": "json-file",
                "Config": {}
            },
            "NetworkMode": "default",
            "PortBindings": {
                "1433/tcp": [
                    {
                        "HostIp": "",
                        "HostPort": "1433"
                    }
                ]
            },
            "RestartPolicy": {
                "Name": "no",
                "MaximumRetryCount": 0
            },
            "AutoRemove": false,
            "VolumeDriver": "",
            "VolumesFrom": null,
            "CapAdd": null,
            "CapDrop": null,
            "Dns": [],
            "DnsOptions": [],
            "DnsSearch": [],
            "ExtraHosts": null,
            "GroupAdd": null,
            "IpcMode": "shareable",
            "Cgroup": "",
            "Links": null,
            "OomScoreAdj": 0,
            "PidMode": "",
            "Privileged": false,
            "PublishAllPorts": false,
            "ReadonlyRootfs": false,
            "SecurityOpt": null,
            "UTSMode": "",
            "UsernsMode": "",
            "ShmSize": 67108864,
            "Runtime": "runc",
            "ConsoleSize": [
                37,
                168
            ],
            "Isolation": "",
            "CpuShares": 0,
            "Memory": 0,
            "NanoCpus": 0,
            "CgroupParent": "",
            "BlkioWeight": 0,
            "BlkioWeightDevice": [],
            "BlkioDeviceReadBps": null,
            "BlkioDeviceWriteBps": null,
            "BlkioDeviceReadIOps": null,
            "BlkioDeviceWriteIOps": null,
            "CpuPeriod": 0,
            "CpuQuota": 0,
            "CpuRealtimePeriod": 0,
            "CpuRealtimeRuntime": 0,
            "CpusetCpus": "",
            "CpusetMems": "",
            "Devices": [],
            "DeviceCgroupRules": null,
            "DiskQuota": 0,
            "KernelMemory": 0,
            "MemoryReservation": 0,
            "MemorySwap": 0,
            "MemorySwappiness": null,
            "OomKillDisable": false,
            "PidsLimit": 0,
            "Ulimits": null,
            "CpuCount": 0,
            "CpuPercent": 0,
            "IOMaximumIOps": 0,
            "IOMaximumBandwidth": 0,
            "MaskedPaths": [
                "/proc/asound",
                "/proc/acpi",
                "/proc/kcore",
                "/proc/keys",
                "/proc/latency_stats",
                "/proc/timer_list",
                "/proc/timer_stats",
                "/proc/sched_debug",
                "/proc/scsi",
                "/sys/firmware"
            ],
            "ReadonlyPaths": [
                "/proc/bus",
                "/proc/fs",
                "/proc/irq",
                "/proc/sys",
                "/proc/sysrq-trigger"
            ]
        },
        "GraphDriver": {
            "Data": {
                "LowerDir": "/var/lib/docker/overlay2/7939b7fa5a7971f9e9852edccd830f78d695695a957cefc928adf0de5d20c17d-init/diff:/var/lib/docker/overlay2/c4c646ca37c85af4b222d69ffc4decc0ca6c87cfdf784061c43d808de77c3560/diff:/var/lib/docker/overlay2/93c0cad17c68961e6f323e364703f505ed222da4142b57884409241f5035f92e/diff:/var/lib/docker/overlay2/9caea39f537b65fe747c70ad850f498c8d59176113aa6a63b1fe6873b981bdf9/diff:/var/lib/docker/overlay2/b624327ff559c508d9005a771bd11648a38627c2c3996d2d163aecdbae7e4352/diff:/var/lib/docker/overlay2/154dc9b1b939c59acf36848ca2f08156d8317222cfa415f88813747472f0d118/diff:/var/lib/docker/overlay2/c2155398dccf284a47c8840c32dec779e355a5ffb262cb97a78431d582b746a9/diff:/var/lib/docker/overlay2/bb5561bc3fc56e9a6d8fd463ec8c9e90592a371fa487d96c0217a8a1a2626c7c/diff:/var/lib/docker/overlay2/2288efb1861b5750776d30eaa21b5c852652c86ee68a441784f470c4d8ce0db0/diff:/var/lib/docker/overlay2/f11e5afb4ef565dc894aff24de8c52b00ad4b861ce6cf16be71956a199bfcda9/diff",
                "MergedDir": "/var/lib/docker/overlay2/7939b7fa5a7971f9e9852edccd830f78d695695a957cefc928adf0de5d20c17d/merged",
                "UpperDir": "/var/lib/docker/overlay2/7939b7fa5a7971f9e9852edccd830f78d695695a957cefc928adf0de5d20c17d/diff",
                "WorkDir": "/var/lib/docker/overlay2/7939b7fa5a7971f9e9852edccd830f78d695695a957cefc928adf0de5d20c17d/work"
            },
            "Name": "overlay2"
        },
        "Mounts": [],
        "Config": {
            "Hostname": "940b941e7ca9",
            "Domainname": "",
            "User": "",
            "AttachStdin": false,
            "AttachStdout": false,
            "AttachStderr": false,
            "ExposedPorts": {
                "1433/tcp": {}
            },
            "Tty": false,
            "OpenStdin": false,
            "StdinOnce": false,
            "Env": [
                "ACCEPT_EULA=Y",
                "SA_PASSWORD=password-1",
                "PATH=/usr/local/sbin:/usr/local/bin:/usr/sbin:/usr/bin:/sbin:/bin"
            ],
            "Cmd": [
                "/opt/mssql/bin/sqlservr"
            ],
            "ArgsEscaped": true,
            "Image": "mcr.microsoft.com/mssql/server:2017-latest",
            "Volumes": null,
            "WorkingDir": "",
            "Entrypoint": null,
            "OnBuild": null,
            "Labels": {
                "com.microsoft.product": "Microsoft SQL Server",
                "com.microsoft.version": "14.0.3076.1",
                "vendor": "Microsoft"
            }
        },
        "NetworkSettings": {
            "Bridge": "",
            "SandboxID": "87cbf539fbe02eb55943027b88943a92cbadca5611397fdb677cc109208297c4",
            "HairpinMode": false,
            "LinkLocalIPv6Address": "",
            "LinkLocalIPv6PrefixLen": 0,
            "Ports": {
                "1433/tcp": [
                    {
                        "HostIp": "0.0.0.0",
                        "HostPort": "1433"
                    }
                ]
            },
            "SandboxKey": "/var/run/docker/netns/87cbf539fbe0",
            "SecondaryIPAddresses": null,
            "SecondaryIPv6Addresses": null,
            "EndpointID": "02e759427e21bfcd903e82e9acdc7b5a4339b73343424b45d642848fc68e19f0",
            "Gateway": "172.17.0.1",
            "GlobalIPv6Address": "",
            "GlobalIPv6PrefixLen": 0,
            "IPAddress": "172.17.0.2",
            "IPPrefixLen": 16,
            "IPv6Gateway": "",
            "MacAddress": "02:42:ac:11:00:02",
            "Networks": {
                "bridge": {
                    "IPAMConfig": null,
                    "Links": null,
                    "Aliases": null,
                    "NetworkID": "e89bc09858cdf0d91a67a5aa12af55f4c46a93813b4f159c28835a9b08d718ba",
                    "EndpointID": "02e759427e21bfcd903e82e9acdc7b5a4339b73343424b45d642848fc68e19f0",
                    "Gateway": "172.17.0.1",
                    "IPAddress": "172.17.0.2",
                    "IPPrefixLen": 16,
                    "IPv6Gateway": "",
                    "GlobalIPv6Address": "",
                    "GlobalIPv6PrefixLen": 0,
                    "MacAddress": "02:42:ac:11:00:02",
                    "DriverOpts": null
                }
            }
        }
    }
]
